unique_id,ds,y
BTC,2018-04-01,6844.22998
BTC,2018-04-02,7083.799805
BTC,2018-04-03,7456.109863
BTC,2018-04-04,6853.839844
BTC,2018-04-05,6811.470215
BTC,2018-04-06,6636.319824
BTC,2018-04-07,6911.089844
BTC,2018-04-08,7023.52002
BTC,2018-04-09,6770.72998
BTC,2018-04-10,6834.759766
BTC,2018-04-11,6968.319824
BTC,2018-04-12,7889.25
BTC,2018-04-13,7895.959961
BTC,2018-04-14,7986.240234
BTC,2018-04-15,8329.110352
BTC,2018-04-16,8058.669922
BTC,2018-04-17,7902.089844
BTC,2018-04-18,8163.419922
BTC,2018-04-19,8294.30957
BTC,2018-04-20,8845.830078
BTC,2018-04-21,8895.580078
BTC,2018-04-22,8802.459961
BTC,2018-04-23,8930.879883
BTC,2018-04-24,9697.5
BTC,2018-04-25,8845.740234
BTC,2018-04-26,9281.509766
BTC,2018-04-27,8987.049805
BTC,2018-04-28,9348.480469
BTC,2018-04-29,9419.080078
BTC,2018-04-30,9240.549805
BTC,2018-05-01,9119.009766
BTC,2018-05-02,9235.919922
BTC,2018-05-03,9743.860352
BTC,2018-05-04,9700.759766
BTC,2018-05-05,9858.150391
BTC,2018-05-06,9654.799805
BTC,2018-05-07,9373.009766
BTC,2018-05-08,9234.820313
BTC,2018-05-09,9325.179688
BTC,2018-05-10,9043.94043
BTC,2018-05-11,8441.490234
BTC,2018-05-12,8504.889648
BTC,2018-05-13,8723.94043
BTC,2018-05-14,8716.790039
BTC,2018-05-15,8510.379883
BTC,2018-05-16,8368.830078
BTC,2018-05-17,8094.319824
BTC,2018-05-18,8250.969727
BTC,2018-05-19,8247.179688
BTC,2018-05-20,8513.25
BTC,2018-05-21,8418.990234
BTC,2018-05-22,8041.779785
BTC,2018-05-23,7557.819824
BTC,2018-05-24,7587.339844
BTC,2018-05-25,7480.140137
BTC,2018-05-26,7355.879883
BTC,2018-05-27,7368.220215
BTC,2018-05-28,7135.990234
BTC,2018-05-29,7472.589844
BTC,2018-05-30,7406.52002
BTC,2018-05-31,7494.169922
BTC,2018-06-01,7541.450195
BTC,2018-06-02,7643.450195
BTC,2018-06-03,7720.25
BTC,2018-06-04,7514.470215
BTC,2018-06-05,7633.759766
BTC,2018-06-06,7653.97998
BTC,2018-06-07,7678.240234
BTC,2018-06-08,7624.919922
BTC,2018-06-09,7531.97998
BTC,2018-06-10,6786.02002
BTC,2018-06-11,6906.919922
BTC,2018-06-12,6582.359863
BTC,2018-06-13,6349.899902
BTC,2018-06-14,6675.350098
BTC,2018-06-15,6456.580078
BTC,2018-06-16,6550.160156
BTC,2018-06-17,6499.27002
BTC,2018-06-18,6734.819824
BTC,2018-06-19,6769.939941
BTC,2018-06-20,6776.549805
BTC,2018-06-21,6729.740234
BTC,2018-06-22,6083.689941
BTC,2018-06-23,6162.47998
BTC,2018-06-24,6173.22998
BTC,2018-06-25,6249.180176
BTC,2018-06-26,6093.669922
BTC,2018-06-27,6157.129883
BTC,2018-06-28,5903.439941
BTC,2018-06-29,6218.299805
BTC,2018-06-30,6404.0
BTC,2018-07-01,6385.819824
BTC,2018-07-02,6614.180176
BTC,2018-07-03,6529.589844
BTC,2018-07-04,6597.549805
BTC,2018-07-05,6639.140137
BTC,2018-07-06,6673.5
BTC,2018-07-07,6856.930176
BTC,2018-07-08,6773.879883
BTC,2018-07-09,6741.75
BTC,2018-07-10,6329.950195
BTC,2018-07-11,6394.709961
BTC,2018-07-12,6228.810059
BTC,2018-07-13,6238.049805
BTC,2018-07-14,6276.120117
BTC,2018-07-15,6359.640137
BTC,2018-07-16,6741.75
BTC,2018-07-17,7321.040039
BTC,2018-07-18,7370.779785
BTC,2018-07-19,7466.859863
BTC,2018-07-20,7354.129883
BTC,2018-07-21,7419.290039
BTC,2018-07-22,7418.490234
BTC,2018-07-23,7711.109863
BTC,2018-07-24,8424.269531
BTC,2018-07-25,8181.390137
BTC,2018-07-26,7951.580078
BTC,2018-07-27,8165.009766
BTC,2018-07-28,8192.150391
BTC,2018-07-29,8218.459961
BTC,2018-07-30,8180.47998
BTC,2018-07-31,7780.439941
BTC,2018-08-01,7624.910156
BTC,2018-08-02,7567.149902
BTC,2018-08-03,7434.390137
BTC,2018-08-04,7032.850098
BTC,2018-08-05,7068.47998
BTC,2018-08-06,6951.799805
BTC,2018-08-07,6753.120117
BTC,2018-08-08,6305.799805
BTC,2018-08-09,6568.22998
BTC,2018-08-10,6184.709961
BTC,2018-08-11,6295.72998
BTC,2018-08-12,6322.689941
BTC,2018-08-13,6297.569824
BTC,2018-08-14,6199.709961
BTC,2018-08-15,6308.52002
BTC,2018-08-16,6334.72998
BTC,2018-08-17,6580.629883
BTC,2018-08-18,6423.759766
BTC,2018-08-19,6506.069824
BTC,2018-08-20,6308.529785
BTC,2018-08-21,6488.759766
BTC,2018-08-22,6376.709961
BTC,2018-08-23,6534.879883
BTC,2018-08-24,6719.959961
BTC,2018-08-25,6763.189941
BTC,2018-08-26,6707.259766
BTC,2018-08-27,6884.640137
BTC,2018-08-28,7096.279785
BTC,2018-08-29,7047.160156
BTC,2018-08-30,6978.22998
BTC,2018-08-31,7037.580078
BTC,2018-09-01,7193.25
BTC,2018-09-02,7272.720215
BTC,2018-09-03,7260.060059
BTC,2018-09-04,7361.660156
BTC,2018-09-05,6792.830078
BTC,2018-09-06,6529.169922
BTC,2018-09-07,6467.069824
BTC,2018-09-08,6225.97998
BTC,2018-09-09,6300.859863
BTC,2018-09-10,6329.700195
BTC,2018-09-11,6321.200195
BTC,2018-09-12,6351.799805
BTC,2018-09-13,6517.310059
BTC,2018-09-14,6512.709961
BTC,2018-09-15,6543.200195
BTC,2018-09-16,6517.180176
BTC,2018-09-17,6281.200195
BTC,2018-09-18,6371.299805
BTC,2018-09-19,6398.540039
BTC,2018-09-20,6519.669922
BTC,2018-09-21,6734.950195
BTC,2018-09-22,6721.97998
BTC,2018-09-23,6710.629883
BTC,2018-09-24,6595.410156
BTC,2018-09-25,6446.470215
BTC,2018-09-26,6495.0
BTC,2018-09-27,6676.75
BTC,2018-09-28,6644.129883
BTC,2018-09-29,6601.959961
BTC,2018-09-30,6625.560059
BTC,2018-10-01,6589.620117
BTC,2018-10-02,6556.100098
BTC,2018-10-03,6502.589844
BTC,2018-10-04,6576.689941
BTC,2018-10-05,6622.47998
BTC,2018-10-06,6588.310059
BTC,2018-10-07,6602.950195
BTC,2018-10-08,6652.22998
BTC,2018-10-09,6642.640137
BTC,2018-10-10,6585.529785
BTC,2018-10-11,6256.240234
BTC,2018-10-12,6274.580078
BTC,2018-10-13,6285.990234
BTC,2018-10-14,6290.930176
BTC,2018-10-15,6596.540039
BTC,2018-10-16,6596.109863
BTC,2018-10-17,6544.430176
BTC,2018-10-18,6476.709961
BTC,2018-10-19,6465.410156
BTC,2018-10-20,6489.189941
BTC,2018-10-21,6482.350098
BTC,2018-10-22,6487.160156
BTC,2018-10-23,6475.740234
BTC,2018-10-24,6495.839844
BTC,2018-10-25,6476.290039
BTC,2018-10-26,6474.75
BTC,2018-10-27,6480.379883
BTC,2018-10-28,6486.390137
BTC,2018-10-29,6332.629883
BTC,2018-10-30,6334.27002
BTC,2018-10-31,6317.609863
BTC,2018-11-01,6377.779785
BTC,2018-11-02,6388.439941
BTC,2018-11-03,6361.259766
BTC,2018-11-04,6376.129883
BTC,2018-11-05,6419.660156
BTC,2018-11-06,6461.009766
BTC,2018-11-07,6530.140137
BTC,2018-11-08,6453.720215
BTC,2018-11-09,6385.620117
BTC,2018-11-10,6409.220215
BTC,2018-11-11,6411.27002
BTC,2018-11-12,6371.27002
BTC,2018-11-13,6359.490234
BTC,2018-11-14,5738.350098
BTC,2018-11-15,5648.029785
BTC,2018-11-16,5575.549805
BTC,2018-11-17,5554.330078
BTC,2018-11-18,5623.540039
BTC,2018-11-19,4871.490234
BTC,2018-11-20,4451.870117
BTC,2018-11-21,4602.169922
BTC,2018-11-22,4365.939941
BTC,2018-11-23,4347.109863
BTC,2018-11-24,3880.76001
BTC,2018-11-25,4009.969971
BTC,2018-11-26,3779.129883
BTC,2018-11-27,3820.719971
BTC,2018-11-28,4257.419922
BTC,2018-11-29,4278.84668
BTC,2018-11-30,4017.268555
BTC,2018-12-01,4214.671875
BTC,2018-12-02,4139.87793
BTC,2018-12-03,3894.130859
BTC,2018-12-04,3956.893799
BTC,2018-12-05,3753.994873
BTC,2018-12-06,3521.101807
BTC,2018-12-07,3419.937256
BTC,2018-12-08,3476.114746
BTC,2018-12-09,3614.234375
BTC,2018-12-10,3502.656006
BTC,2018-12-11,3424.588135
BTC,2018-12-12,3486.950195
BTC,2018-12-13,3313.677246
BTC,2018-12-14,3242.484863
BTC,2018-12-15,3236.761719
BTC,2018-12-16,3252.839111
BTC,2018-12-17,3545.864746
BTC,2018-12-18,3696.059082
BTC,2018-12-19,3745.950684
BTC,2018-12-20,4134.441406
BTC,2018-12-21,3896.543701
BTC,2018-12-22,4014.182617
BTC,2018-12-23,3998.980225
BTC,2018-12-24,4078.599121
BTC,2018-12-25,3815.490723
BTC,2018-12-26,3857.297607
BTC,2018-12-27,3654.833496
BTC,2018-12-28,3923.918701
BTC,2018-12-29,3820.408691
BTC,2018-12-30,3865.952637
BTC,2018-12-31,3742.700439
BTC,2019-01-01,3843.52002
BTC,2019-01-02,3943.409424
BTC,2019-01-03,3836.741211
BTC,2019-01-04,3857.717529
BTC,2019-01-05,3845.19458
BTC,2019-01-06,4076.632568
BTC,2019-01-07,4025.248291
BTC,2019-01-08,4030.8479
BTC,2019-01-09,4035.296387
BTC,2019-01-10,3678.924561
BTC,2019-01-11,3687.365479
BTC,2019-01-12,3661.301025
BTC,2019-01-13,3552.953125
BTC,2019-01-14,3706.052246
BTC,2019-01-15,3630.675293
BTC,2019-01-16,3655.006836
BTC,2019-01-17,3678.563965
BTC,2019-01-18,3657.839355
BTC,2019-01-19,3728.568359
BTC,2019-01-20,3601.013672
BTC,2019-01-21,3576.032471
BTC,2019-01-22,3604.577148
BTC,2019-01-23,3585.123047
BTC,2019-01-24,3600.865479
BTC,2019-01-25,3599.765869
BTC,2019-01-26,3602.460449
BTC,2019-01-27,3583.96582
BTC,2019-01-28,3470.450439
BTC,2019-01-29,3448.116943
BTC,2019-01-30,3486.181641
BTC,2019-01-31,3457.792725
BTC,2019-02-01,3487.945313
BTC,2019-02-02,3521.060791
BTC,2019-02-03,3464.013428
BTC,2019-02-04,3459.154053
BTC,2019-02-05,3466.357422
BTC,2019-02-06,3413.767822
BTC,2019-02-07,3399.47168
BTC,2019-02-08,3666.780273
BTC,2019-02-09,3671.203613
BTC,2019-02-10,3690.188232
BTC,2019-02-11,3648.430664
BTC,2019-02-12,3653.528564
BTC,2019-02-13,3632.070557
BTC,2019-02-14,3616.880859
BTC,2019-02-15,3620.810791
BTC,2019-02-16,3629.787598
BTC,2019-02-17,3673.836182
BTC,2019-02-18,3915.714355
BTC,2019-02-19,3947.094482
BTC,2019-02-20,3999.820557
BTC,2019-02-21,3954.118164
BTC,2019-02-22,4005.526611
BTC,2019-02-23,4142.526855
BTC,2019-02-24,3810.42749
BTC,2019-02-25,3882.696289
BTC,2019-02-26,3854.35791
BTC,2019-02-27,3851.047363
BTC,2019-02-28,3854.7854
BTC,2019-03-01,3859.58374
BTC,2019-03-02,3864.415039
BTC,2019-03-03,3847.175781
BTC,2019-03-04,3761.557129
BTC,2019-03-05,3896.3750
BTC,2019-03-06,3903.942627
BTC,2019-03-07,3911.484375
BTC,2019-03-08,3901.131592
BTC,2019-03-09,3963.313721
BTC,2019-03-10,3951.599854
BTC,2019-03-11,3905.227295
BTC,2019-03-12,3909.15625
BTC,2019-03-13,3906.717285
BTC,2019-03-14,3924.369141
BTC,2019-03-15,3960.911133
BTC,2019-03-16,4048.72583
BTC,2019-03-17,4025.229004
BTC,2019-03-18,4032.507324
BTC,2019-03-19,4071.190186
BTC,2019-03-20,4087.476318
BTC,2019-03-21,4029.326904
BTC,2019-03-22,4023.968262
BTC,2019-03-23,4035.826416
BTC,2019-03-24,4022.168213
BTC,2019-03-25,3963.070557
BTC,2019-03-26,3985.080811
BTC,2019-03-27,4087.066162
BTC,2019-03-28,4069.107178
BTC,2019-03-29,4098.374512
BTC,2019-03-30,4106.660156
BTC,2019-03-31,4105.404297
BTC,2019-04-01,4158.183105
BTC,2019-04-02,4879.87793
BTC,2019-04-03,4973.021973
BTC,2019-04-04,4922.798828
BTC,2019-04-05,5036.681152
BTC,2019-04-06,5059.817383
BTC,2019-04-07,5198.896973
BTC,2019-04-08,5289.770996
BTC,2019-04-09,5204.958496
BTC,2019-04-10,5324.551758
BTC,2019-04-11,5064.487793
BTC,2019-04-12,5089.539063
BTC,2019-04-13,5096.586426
BTC,2019-04-14,5167.722168
BTC,2019-04-15,5067.108398
BTC,2019-04-16,5235.55957
BTC,2019-04-17,5251.937988
BTC,2019-04-18,5298.385742
BTC,2019-04-19,5303.8125
BTC,2019-04-20,5337.88623
BTC,2019-04-21,5314.53125
BTC,2019-04-22,5399.365234
BTC,2019-04-23,5572.362305
BTC,2019-04-24,5464.866699
BTC,2019-04-25,5210.515625
BTC,2019-04-26,5279.348145
BTC,2019-04-27,5268.291016
BTC,2019-04-28,5285.13916
BTC,2019-04-29,5247.352539
BTC,2019-04-30,5350.726563
BTC,2019-05-01,5402.697266
BTC,2019-05-02,5505.283691
BTC,2019-05-03,5768.289551
BTC,2019-05-04,5831.16748
BTC,2019-05-05,5795.708496
BTC,2019-05-06,5746.807129
BTC,2019-05-07,5829.501465
BTC,2019-05-08,5982.45752
BTC,2019-05-09,6174.528809
BTC,2019-05-10,6378.849121
BTC,2019-05-11,7204.771484
BTC,2019-05-12,6972.371582
BTC,2019-05-13,7814.915039
BTC,2019-05-14,7994.416016
BTC,2019-05-15,8205.167969
BTC,2019-05-16,7884.90918
BTC,2019-05-17,7343.895508
BTC,2019-05-18,7271.208008
BTC,2019-05-19,8197.689453
BTC,2019-05-20,7978.309082
BTC,2019-05-21,7963.327637
BTC,2019-05-22,7680.066406
BTC,2019-05-23,7881.84668
BTC,2019-05-24,7987.371582
BTC,2019-05-25,8052.543945
BTC,2019-05-26,8673.21582
BTC,2019-05-27,8805.77832
BTC,2019-05-28,8719.961914
BTC,2019-05-29,8659.487305
BTC,2019-05-30,8319.472656
BTC,2019-05-31,8574.501953
BTC,2019-06-01,8564.016602
BTC,2019-06-02,8742.958008
BTC,2019-06-03,8208.995117
BTC,2019-06-04,7707.770996
BTC,2019-06-05,7824.231445
BTC,2019-06-06,7822.023438
BTC,2019-06-07,8043.951172
BTC,2019-06-08,7954.12793
BTC,2019-06-09,7688.077148
BTC,2019-06-10,8000.32959
BTC,2019-06-11,7927.714355
BTC,2019-06-12,8145.857422
BTC,2019-06-13,8230.923828
BTC,2019-06-14,8693.833008
BTC,2019-06-15,8838.37
BTC,2019-06-16,8994.488281
BTC,2019-06-17,9320.352539
BTC,2019-06-18,9081.762695
BTC,2019-06-19,9273.521484
BTC,2019-06-20,9527.160156
BTC,2019-06-21,10144.556641
BTC,2019-06-22,10701.691406
BTC,2019-06-23,10855.371094
BTC,2019-06-24,11011.102539
BTC,2019-06-25,11790.916992
BTC,2019-06-26,13016.231445
BTC,2019-06-27,11182.806641
BTC,2019-06-28,12407.332031
BTC,2019-06-29,11959.371094
BTC,2019-06-30,10817.155273
BTC,2019-07-01,10583.134766
BTC,2019-07-02,10801.677734
BTC,2019-07-03,11961.269531
BTC,2019-07-04,11215.4375
BTC,2019-07-05,10978.459961
BTC,2019-07-06,11208.550781
BTC,2019-07-07,11450.84668
BTC,2019-07-08,12285.958008
BTC,2019-07-09,12573.8125
BTC,2019-07-10,12156.512695
BTC,2019-07-11,11358.662109
BTC,2019-07-12,11815.986328
BTC,2019-07-13,11392.378906
BTC,2019-07-14,10256.058594
BTC,2019-07-15,10895.089844
BTC,2019-07-16,9477.641602
BTC,2019-07-17,9693.802734
BTC,2019-07-18,10666.482422
BTC,2019-07-19,10530.732422
BTC,2019-07-20,10767.139648
BTC,2019-07-21,10599.105469
BTC,2019-07-22,10343.106445
BTC,2019-07-23,9900.767578
BTC,2019-07-24,9811.925781
BTC,2019-07-25,9911.841797
BTC,2019-07-26,9870.303711
BTC,2019-07-27,9477.677734
BTC,2019-07-28,9552.860352
BTC,2019-07-29,9519.145508
BTC,2019-07-30,9607.423828
BTC,2019-07-31,10085.62793
BTC,2019-08-01,10399.668945
BTC,2019-08-02,10518.174805
BTC,2019-08-03,10821.726563
BTC,2019-08-04,10970.18457
BTC,2019-08-05,11805.65332
BTC,2019-08-06,11478.168945
BTC,2019-08-07,11941.96875
BTC,2019-08-08,11966.407227
BTC,2019-08-09,11862.936523
BTC,2019-08-10,11354.024414
BTC,2019-08-11,11523.579102
BTC,2019-08-12,11382.616211
BTC,2019-08-13,10895.830078
BTC,2019-08-14,10051.704102
BTC,2019-08-15,10311.545898
BTC,2019-08-16,10374.338867
BTC,2019-08-17,10231.744141
BTC,2019-08-18,10345.810547
BTC,2019-08-19,10916.053711
BTC,2019-08-20,10763.232422
BTC,2019-08-21,10138.049805
BTC,2019-08-22,10131.055664
BTC,2019-08-23,10407.964844
BTC,2019-08-24,10159.960938
BTC,2019-08-25,10138.517578
BTC,2019-08-26,10370.820313
BTC,2019-08-27,10185.5
BTC,2019-08-28,9754.422852
BTC,2019-08-29,9510.200195
BTC,2019-08-30,9598.173828
BTC,2019-08-31,9630.664063
BTC,2019-09-01,9757.970703
BTC,2019-09-02,10346.760742
BTC,2019-09-03,10623.540039
BTC,2019-09-04,10594.493164
BTC,2019-09-05,10575.533203
BTC,2019-09-06,10353.302734
BTC,2019-09-07,10517.254883
BTC,2019-09-08,10441.276367
BTC,2019-09-09,10334.974609
BTC,2019-09-10,10115.975586
BTC,2019-09-11,10178.37207
BTC,2019-09-12,10410.126953
BTC,2019-09-13,10360.546875
BTC,2019-09-14,10358.048828
BTC,2019-09-15,10347.712891
BTC,2019-09-16,10276.793945
BTC,2019-09-17,10241.272461
BTC,2019-09-18,10198.248047
BTC,2019-09-19,10266.415039
BTC,2019-09-20,10181.641602
BTC,2019-09-21,10019.716797
BTC,2019-09-22,10070.392578
BTC,2019-09-23,9729.324219
BTC,2019-09-24,8620.566406
BTC,2019-09-25,8486.993164
BTC,2019-09-26,8118.967773
BTC,2019-09-27,8251.845703
BTC,2019-09-28,8245.915039
BTC,2019-09-29,8104.185547
BTC,2019-09-30,8293.868164
BTC,2019-10-01,8343.276367
BTC,2019-10-02,8393.041992
BTC,2019-10-03,8259.992188
BTC,2019-10-04,8205.939453
BTC,2019-10-05,8151.500488
BTC,2019-10-06,7988.155762
BTC,2019-10-07,8245.623047
BTC,2019-10-08,8228.783203
BTC,2019-10-09,8595.740234
BTC,2019-10-10,8586.473633
BTC,2019-10-11,8321.756836
BTC,2019-10-12,8336.555664
BTC,2019-10-13,8321.005859
BTC,2019-10-14,8374.686523
BTC,2019-10-15,8205.369141
BTC,2019-10-16,8047.526855
BTC,2019-10-17,8103.911133
BTC,2019-10-18,7973.20752
BTC,2019-10-19,7988.560547
BTC,2019-10-20,8222.078125
BTC,2019-10-21,8243.720703
BTC,2019-10-22,8078.203125
BTC,2019-10-23,7514.671875
BTC,2019-10-24,7493.48877
BTC,2019-10-25,8660.700195
BTC,2019-10-26,9244.972656
BTC,2019-10-27,9551.714844
BTC,2019-10-28,9256.148438
BTC,2019-10-29,9427.6875
BTC,2019-10-30,9205.726563
BTC,2019-10-31,9199.584961
BTC,2019-11-01,9261.104492
BTC,2019-11-02,9324.717773
BTC,2019-11-03,9235.354492
BTC,2019-11-04,9412.612305
BTC,2019-11-05,9342.527344
BTC,2019-11-06,9360.879883
BTC,2019-11-07,9267.561523
BTC,2019-11-08,8804.880859
BTC,2019-11-09,8813.582031
BTC,2019-11-10,9055.526367
BTC,2019-11-11,8757.788086
BTC,2019-11-12,8815.662109
BTC,2019-11-13,8808.262695
BTC,2019-11-14,8708.094727
BTC,2019-11-15,8491.992188
BTC,2019-11-16,8550.760742
BTC,2019-11-17,8577.975586
BTC,2019-11-18,8309.286133
BTC,2019-11-19,8206.145508
BTC,2019-11-20,8027.268066
BTC,2019-11-21,7642.75
BTC,2019-11-22,7296.577637
BTC,2019-11-23,7397.796875
BTC,2019-11-24,7047.916992
BTC,2019-11-25,7146.133789
BTC,2019-11-26,7218.371094
BTC,2019-11-27,7531.663574
BTC,2019-11-28,7463.105957
BTC,2019-11-29,7761.243652
BTC,2019-11-30,7569.629883
BTC,2019-12-01,7424.29248
BTC,2019-12-02,7321.988281
BTC,2019-12-03,7320.145508
BTC,2019-12-04,7252.034668
BTC,2019-12-05,7448.307617
BTC,2019-12-06,7546.996582
BTC,2019-12-07,7556.237793
BTC,2019-12-08,7564.345215
BTC,2019-12-09,7400.899414
BTC,2019-12-10,7278.119629
BTC,2019-12-11,7217.427246
BTC,2019-12-12,7243.134277
BTC,2019-12-13,7269.68457
BTC,2019-12-14,7124.673828
BTC,2019-12-15,7152.301758
BTC,2019-12-16,6932.480469
BTC,2019-12-17,6640.515137
BTC,2019-12-18,7276.802734
BTC,2019-12-19,7202.844238
BTC,2019-12-20,7218.816406
BTC,2019-12-21,7191.158691
BTC,2019-12-22,7511.588867
BTC,2019-12-23,7355.628418
BTC,2019-12-24,7322.532227
BTC,2019-12-25,7275.155762
BTC,2019-12-26,7238.966797
BTC,2019-12-27,7290.088379
BTC,2019-12-28,7317.990234
BTC,2019-12-29,7422.652832
BTC,2019-12-30,7292.995117
BTC,2019-12-31,7193.599121
BTC,2020-01-01,7200.174316
BTC,2020-01-02,6985.470215
BTC,2020-01-03,7344.884277
BTC,2020-01-04,7410.656738
BTC,2020-01-05,7411.317383
BTC,2020-01-06,7769.219238
BTC,2020-01-07,8163.692383
BTC,2020-01-08,8079.862793
BTC,2020-01-09,7879.071289
BTC,2020-01-10,8166.554199
BTC,2020-01-11,8037.537598
BTC,2020-01-12,8192.494141
BTC,2020-01-13,8144.194336
BTC,2020-01-14,8827.764648
BTC,2020-01-15,8807.010742
BTC,2020-01-16,8723.786133
BTC,2020-01-17,8929.038086
BTC,2020-01-18,8942.808594
BTC,2020-01-19,8706.245117
BTC,2020-01-20,8657.642578
BTC,2020-01-21,8745.894531
BTC,2020-01-22,8680.875977
BTC,2020-01-23,8406.515625
BTC,2020-01-24,8445.43457
BTC,2020-01-25,8367.847656
BTC,2020-01-26,8596.830078
BTC,2020-01-27,8909.819336
BTC,2020-01-28,9358.589844
BTC,2020-01-29,9316.629883
BTC,2020-01-30,9508.993164
BTC,2020-01-31,9350.529297
BTC,2020-02-01,9392.87
BTC,2020-02-02,9344.365234
BTC,2020-02-03,9293.521484
BTC,2020-02-04,9180.962891
BTC,2020-02-05,9613.423828
BTC,2020-02-06,9729.801758
BTC,2020-02-07,9795.943359
BTC,2020-02-08,9865.119141
BTC,2020-02-09,10116.673828
BTC,2020-02-10,9856.611328
BTC,2020-02-11,10208.236328
BTC,2020-02-12,10326.054688
BTC,2020-02-13,10214.379883
BTC,2020-02-14,10312.116211
BTC,2020-02-15,9889.424805
BTC,2020-02-16,9934.433594
BTC,2020-02-17,9690.142578
BTC,2020-02-18,10141.996094
BTC,2020-02-19,9633.386719
BTC,2020-02-20,9608.475586
BTC,2020-02-21,9686.441406
BTC,2020-02-22,9663.181641
BTC,2020-02-23,9924.515625
BTC,2020-02-24,9650.174805
BTC,2020-02-25,9341.705078
BTC,2020-02-26,8820.522461
BTC,2020-02-27,8784.494141
BTC,2020-02-28,8672.455078
BTC,2020-02-29,8599.508789
BTC,2020-03-01,8562.454102
BTC,2020-03-02,8869.669922
BTC,2020-03-03,8787.786133
BTC,2020-03-04,8755.246094
BTC,2020-03-05,9078.762695
BTC,2020-03-06,9122.545898
BTC,2020-03-07,8909.954102
BTC,2020-03-08,8108.116211
BTC,2020-03-09,7923.644531
BTC,2020-03-10,7909.729492
BTC,2020-03-11,7911.430176
BTC,2020-03-12,4970.788086
BTC,2020-03-13,5563.707031
BTC,2020-03-14,5200.366211
BTC,2020-03-15,5392.314941
BTC,2020-03-16,5014.47998
BTC,2020-03-17,5225.629395
BTC,2020-03-18,5238.438477
BTC,2020-03-19,6191.192871
BTC,2020-03-20,6198.77832
BTC,2020-03-21,6185.066406
BTC,2020-03-22,5830.254883
BTC,2020-03-23,6416.314941
BTC,2020-03-24,6734.803711
BTC,2020-03-25,6681.062988
BTC,2020-03-26,6716.44043
BTC,2020-03-27,6469.79834
BTC,2020-03-28,6242.193848
BTC,2020-03-29,5922.042969
BTC,2020-03-30,6429.841797
BTC,2020-03-31,6438.644531
BTC,2020-04-01,6606.776367
BTC,2020-04-02,6793.624512
BTC,2020-04-03,6733.387207
BTC,2020-04-04,6867.527344
BTC,2020-04-05,6791.129395
BTC,2020-04-06,7271.78125
BTC,2020-04-07,7176.414551
BTC,2020-04-08,7334.098633
BTC,2020-04-09,7302.089355
BTC,2020-04-10,6865.493164
BTC,2020-04-11,6859.083008
BTC,2020-04-12,6971.091797
BTC,2020-04-13,6845.037598
BTC,2020-04-14,6842.427734
BTC,2020-04-15,6642.109863
BTC,2020-04-16,7116.804199
BTC,2020-04-17,7096.18457
BTC,2020-04-18,7257.665039
BTC,2020-04-19,7189.424805
BTC,2020-04-20,6881.958496
BTC,2020-04-21,6880.323242
BTC,2020-04-22,7117.20752
BTC,2020-04-23,7429.724609
BTC,2020-04-24,7550.900879
BTC,2020-04-25,7569.936035
BTC,2020-04-26,7679.867188
BTC,2020-04-27,7795.601074
BTC,2020-04-28,7807.058594
BTC,2020-04-29,8801.038086
BTC,2020-04-30,8658.553711
BTC,2020-05-01,8864.766602
BTC,2020-05-02,8988.59668
BTC,2020-05-03,8897.46875
BTC,2020-05-04,8912.654297
BTC,2020-05-05,9003.070313
BTC,2020-05-06,9268.761719
BTC,2020-05-07,9951.518555
BTC,2020-05-08,9842.666016
BTC,2020-05-09,9593.896484
BTC,2020-05-10,8756.430664
BTC,2020-05-11,8601.795898
BTC,2020-05-12,8804.477539
BTC,2020-05-13,9269.987305
BTC,2020-05-14,9733.72168
BTC,2020-05-15,9328.197266
BTC,2020-05-16,9377.013672
BTC,2020-05-17,9670.739258
BTC,2020-05-18,9726.575195
BTC,2020-05-19,9729.038086
BTC,2020-05-20,9522.981445
BTC,2020-05-21,9081.761719
BTC,2020-05-22,9182.577148
BTC,2020-05-23,9209.287109
BTC,2020-05-24,8790.368164
BTC,2020-05-25,8906.93457
BTC,2020-05-26,8835.052734
BTC,2020-05-27,9181.017578
BTC,2020-05-28,9525.750977
BTC,2020-05-29,9439.124023
BTC,2020-05-30,9700.414063
BTC,2020-05-31,9461.058594
BTC,2020-06-01,10167.268555
BTC,2020-06-02,9529.803711
BTC,2020-06-03,9656.717773
BTC,2020-06-04,9800.636719
BTC,2020-06-05,9665.533203
BTC,2020-06-06,9653.679688
BTC,2020-06-07,9758.852539
BTC,2020-06-08,9771.489258
BTC,2020-06-09,9795.700195
BTC,2020-06-10,9870.094727
BTC,2020-06-11,9321.78125
BTC,2020-06-12,9480.84375
BTC,2020-06-13,9475.277344
BTC,2020-06-14,9386.788086
BTC,2020-06-15,9450.702148
BTC,2020-06-16,9538.024414
BTC,2020-06-17,9480.254883
BTC,2020-06-18,9411.84082
BTC,2020-06-19,9288.018555
BTC,2020-06-20,9332.34082
BTC,2020-06-21,9303.629883
BTC,2020-06-22,9648.717773
BTC,2020-06-23,9629.658203
BTC,2020-06-24,9313.610352
BTC,2020-06-25,9264.813477
BTC,2020-06-26,9162.917969
BTC,2020-06-27,9045.390625
BTC,2020-06-28,9143.582031
BTC,2020-06-29,9190.854492
BTC,2020-06-30,9137.993164
BTC,2020-07-01,9228.325195
BTC,2020-07-02,9123.410156
BTC,2020-07-03,9087.303711
BTC,2020-07-04,9132.488281
BTC,2020-07-05,9073.942383
BTC,2020-07-06,9375.474609
BTC,2020-07-07,9252.277344
BTC,2020-07-08,9428.333008
BTC,2020-07-09,9277.967773
BTC,2020-07-10,9278.807617
BTC,2020-07-11,9240.34668
BTC,2020-07-12,9276.5
BTC,2020-07-13,9243.614258
BTC,2020-07-14,9243.213867
BTC,2020-07-15,9192.836914
BTC,2020-07-16,9132.227539
BTC,2020-07-17,9151.392578
BTC,2020-07-18,9159.040039
BTC,2020-07-19,9185.817383
BTC,2020-07-20,9164.231445
BTC,2020-07-21,9374.887695
BTC,2020-07-22,9525.363281
BTC,2020-07-23,9581.072266
BTC,2020-07-24,9536.892578
BTC,2020-07-25,9677.113281
BTC,2020-07-26,9905.166992
BTC,2020-07-27,10990.873047
BTC,2020-07-28,10912.823242
BTC,2020-07-29,11100.467773
BTC,2020-07-30,11111.213867
BTC,2020-07-31,11323.466797
BTC,2020-08-01,11759.592773
BTC,2020-08-02,11053.614258
BTC,2020-08-03,11246.348633
BTC,2020-08-04,11205.892578
BTC,2020-08-05,11747.022461
BTC,2020-08-06,11779.773438
BTC,2020-08-07,11601.472656
BTC,2020-08-08,11754.045898
BTC,2020-08-09,11675.739258
BTC,2020-08-10,11878.111328
BTC,2020-08-11,11410.525391
BTC,2020-08-12,11584.93457
BTC,2020-08-13,11784.137695
BTC,2020-08-14,11768.871094
BTC,2020-08-15,11865.698242
BTC,2020-08-16,11892.803711
BTC,2020-08-17,12254.402344
BTC,2020-08-18,11991.233398
BTC,2020-08-19,11758.283203
BTC,2020-08-20,11878.37207
BTC,2020-08-21,11592.489258
BTC,2020-08-22,11681.825195
BTC,2020-08-23,11664.847656
BTC,2020-08-24,11774.595703
BTC,2020-08-25,11366.134766
BTC,2020-08-26,11488.363281
BTC,2020-08-27,11323.397461
BTC,2020-08-28,11542.5
BTC,2020-08-29,11506.865234
BTC,2020-08-30,11711.505859
BTC,2020-08-31,11680.820313
BTC,2020-09-01,11970.478516
BTC,2020-09-02,11414.03418
BTC,2020-09-03,10245.296875
BTC,2020-09-04,10511.813477
BTC,2020-09-05,10169.567383
BTC,2020-09-06,10280.351563
BTC,2020-09-07,10369.563477
BTC,2020-09-08,10131.516602
BTC,2020-09-09,10242.347656
BTC,2020-09-10,10363.138672
BTC,2020-09-11,10400.915039
BTC,2020-09-12,10442.170898
BTC,2020-09-13,10323.755859
BTC,2020-09-14,10680.837891
BTC,2020-09-15,10796.951172
BTC,2020-09-16,10974.905273
BTC,2020-09-17,10948.990234
BTC,2020-09-18,10944.585938
BTC,2020-09-19,11094.34668
BTC,2020-09-20,10938.271484
BTC,2020-09-21,10462.259766
BTC,2020-09-22,10538.459961
BTC,2020-09-23,10246.186523
BTC,2020-09-24,10760.066406
BTC,2020-09-25,10692.716797
BTC,2020-09-26,10750.723633
BTC,2020-09-27,10775.269531
BTC,2020-09-28,10709.652344
BTC,2020-09-29,10844.640625
BTC,2020-09-30,10784.491211
BTC,2020-10-01,10619.452148
BTC,2020-10-02,10575.974609
BTC,2020-10-03,10549.329102
BTC,2020-10-04,10669.583008
BTC,2020-10-05,10793.339844
BTC,2020-10-06,10604.40625
BTC,2020-10-07,10668.96875
BTC,2020-10-08,10915.685547
BTC,2020-10-09,11064.458008
BTC,2020-10-10,11296.361328
BTC,2020-10-11,11384.181641
BTC,2020-10-12,11555.363281
BTC,2020-10-13,11425.899414
BTC,2020-10-14,11429.506836
BTC,2020-10-15,11495.349609
BTC,2020-10-16,11322.123047
BTC,2020-10-17,11358.101563
BTC,2020-10-18,11483.359375
BTC,2020-10-19,11742.037109
BTC,2020-10-20,11916.334961
BTC,2020-10-21,12823.689453
BTC,2020-10-22,12965.891602
BTC,2020-10-23,12931.539063
BTC,2020-10-24,13108.0625
BTC,2020-10-25,13031.173828
BTC,2020-10-26,13075.248047
BTC,2020-10-27,13654.21875
BTC,2020-10-28,13271.285156
BTC,2020-10-29,13437.882813
BTC,2020-10-30,13546.522461
BTC,2020-10-31,13780.995117
BTC,2020-11-01,13737.109375
BTC,2020-11-02,13550.489258
BTC,2020-11-03,13950.300781
BTC,2020-11-04,14133.707031
BTC,2020-11-05,15579.848633
BTC,2020-11-06,15565.880859
BTC,2020-11-07,14833.753906
BTC,2020-11-08,15479.567383
BTC,2020-11-09,15332.31543
BTC,2020-11-10,15290.902344
BTC,2020-11-11,15701.339844
BTC,2020-11-12,16276.34375
BTC,2020-11-13,16317.808594
BTC,2020-11-14,16068.138672
BTC,2020-11-15,15955.587891
BTC,2020-11-16,16716.111328
BTC,2020-11-17,17645.40625
BTC,2020-11-18,17804.005859
BTC,2020-11-19,17817.089844
BTC,2020-11-20,18621.314453
BTC,2020-11-21,18642.232422
BTC,2020-11-22,18370.001953
BTC,2020-11-23,18364.121094
BTC,2020-11-24,19107.464844
BTC,2020-11-25,18732.121094
BTC,2020-11-26,17150.623047
BTC,2020-11-27,17108.402344
BTC,2020-11-28,17717.414063
BTC,2020-11-29,18177.484375
BTC,2020-11-30,19625.835938
BTC,2020-12-01,18802.998047
BTC,2020-12-02,19201.091797
BTC,2020-12-03,19445.398438
BTC,2020-12-04,18699.765625
BTC,2020-12-05,19154.230469
BTC,2020-12-06,19345.121094
BTC,2020-12-07,19191.630859
BTC,2020-12-08,18321.144531
BTC,2020-12-09,18553.916016
BTC,2020-12-10,18264.992188
BTC,2020-12-11,18058.904297
BTC,2020-12-12,18803.65625
BTC,2020-12-13,19142.382813
BTC,2020-12-14,19246.644531
BTC,2020-12-15,19417.076172
BTC,2020-12-16,21310.597656
BTC,2020-12-17,22805.162109
BTC,2020-12-18,23137.960938
BTC,2020-12-19,23869.832031
BTC,2020-12-20,23477.294922
BTC,2020-12-21,22803.082031
BTC,2020-12-22,23783.029297
BTC,2020-12-23,23241.345703
BTC,2020-12-24,23735.949219
BTC,2020-12-25,24664.791016
BTC,2020-12-26,26437.037109
BTC,2020-12-27,26272.294922
BTC,2020-12-28,27084.808594
BTC,2020-12-29,27362.4375
BTC,2020-12-30,28840.953125
BTC,2020-12-31,29001.720703
BTC,2021-01-01,29374.152344
BTC,2021-01-02,32127.267578
BTC,2021-01-03,32782.023438
BTC,2021-01-04,31971.914063
BTC,2021-01-05,33992.429688
BTC,2021-01-06,36824.363281
BTC,2021-01-07,39371.042969
BTC,2021-01-08,40797.609375
BTC,2021-01-09,40254.546875
BTC,2021-01-10,38356.441406
BTC,2021-01-11,35566.65625
BTC,2021-01-12,33922.960938
BTC,2021-01-13,37316.359375
BTC,2021-01-14,39187.328125
BTC,2021-01-15,36825.367188
BTC,2021-01-16,36178.140625
BTC,2021-01-17,35791.277344
BTC,2021-01-18,36630.074219
BTC,2021-01-19,36069.804688
BTC,2021-01-20,35547.75
BTC,2021-01-21,30825.699219
BTC,2021-01-22,33005.761719
BTC,2021-01-23,32067.642578
BTC,2021-01-24,32289.378906
BTC,2021-01-25,32366.392578
BTC,2021-01-26,32569.849609
BTC,2021-01-27,30432.546875
BTC,2021-01-28,33466.097656
BTC,2021-01-29,34316.386719
BTC,2021-01-30,34269.523438
BTC,2021-01-31,33114.359375
BTC,2021-02-01,33537.175781
BTC,2021-02-02,35510.289063
BTC,2021-02-03,37472.089844
BTC,2021-02-04,36926.066406
BTC,2021-02-05,38144.308594
BTC,2021-02-06,39266.011719
BTC,2021-02-07,38903.441406
BTC,2021-02-08,46196.464844
BTC,2021-02-09,46481.105469
BTC,2021-02-10,44918.183594
BTC,2021-02-11,47909.332031
BTC,2021-02-12,47504.851563
BTC,2021-02-13,47105.515625
BTC,2021-02-14,48717.289063
BTC,2021-02-15,47945.058594
BTC,2021-02-16,49199.871094
BTC,2021-02-17,52149.007813
BTC,2021-02-18,51679.796875
BTC,2021-02-19,55888.132813
BTC,2021-02-20,56099.519531
BTC,2021-02-21,57539.945313
BTC,2021-02-22,54207.320313
BTC,2021-02-23,48824.425781
BTC,2021-02-24,49705.332031
BTC,2021-02-25,47093.851563
BTC,2021-02-26,46339.761719
BTC,2021-02-27,46188.453125
BTC,2021-02-28,45137.769531
BTC,2021-03-01,49631.242188
BTC,2021-03-02,48378.988281
BTC,2021-03-03,50538.242188
BTC,2021-03-04,48561.167969
BTC,2021-03-05,48927.304688
BTC,2021-03-06,48912.382813
BTC,2021-03-07,51206.691406
BTC,2021-03-08,52246.523438
BTC,2021-03-09,54824.117188
BTC,2021-03-10,56008.550781
BTC,2021-03-11,57805.121094
BTC,2021-03-12,57332.089844
BTC,2021-03-13,61243.085938
BTC,2021-03-14,59302.316406
BTC,2021-03-15,55907.199219
BTC,2021-03-16,56804.902344
BTC,2021-03-17,58870.894531
BTC,2021-03-18,57858.921875
BTC,2021-03-19,58346.652344
BTC,2021-03-20,58313.644531
BTC,2021-03-21,57523.421875
BTC,2021-03-22,54529.144531
BTC,2021-03-23,54738.945313
BTC,2021-03-24,52774.265625
BTC,2021-03-25,51704.160156
BTC,2021-03-26,55137.3125
BTC,2021-03-27,55973.511719
BTC,2021-03-28,55950.746094
BTC,2021-03-29,57750.199219
BTC,2021-03-30,58917.691406
BTC,2021-03-31,58918.832031
BTC,2021-04-01,59095.808594
BTC,2021-04-02,59384.3125
BTC,2021-04-03,57603.890625
BTC,2021-04-04,58758.554688
BTC,2021-04-05,59057.878906
BTC,2021-04-06,58192.359375
BTC,2021-04-07,56048.9375
BTC,2021-04-08,58323.953125
BTC,2021-04-09,58245.003906
BTC,2021-04-10,59793.234375
BTC,2021-04-11,60204.964844
BTC,2021-04-12,59893.453125
BTC,2021-04-13,63503.457031
BTC,2021-04-14,63109.695313
BTC,2021-04-15,63314.011719
BTC,2021-04-16,61572.789063
BTC,2021-04-17,60683.820313
BTC,2021-04-18,56216.183594
BTC,2021-04-19,55724.265625
BTC,2021-04-20,56473.03125
BTC,2021-04-21,53906.089844
BTC,2021-04-22,51762.273438
BTC,2021-04-23,51093.652344
BTC,2021-04-24,50050.867188
BTC,2021-04-25,49004.253906
BTC,2021-04-26,54021.753906
BTC,2021-04-27,55033.117188
BTC,2021-04-28,54824.703125
BTC,2021-04-29,53555.109375
BTC,2021-04-30,57750.175781
BTC,2021-05-01,57828.050781
BTC,2021-05-02,56631.078125
BTC,2021-05-03,57200.292969
BTC,2021-05-04,53333.539063
BTC,2021-05-05,57424.007813
BTC,2021-05-06,56396.515625
BTC,2021-05-07,57356.402344
BTC,2021-05-08,58803.777344
BTC,2021-05-09,58232.316406
BTC,2021-05-10,55859.796875
BTC,2021-05-11,56704.574219
BTC,2021-05-12,49150.535156
BTC,2021-05-13,49716.191406
BTC,2021-05-14,49880.535156
BTC,2021-05-15,46760.1875
BTC,2021-05-16,46456.058594
BTC,2021-05-17,43537.511719
BTC,2021-05-18,42909.402344
BTC,2021-05-19,37002.441406
BTC,2021-05-20,40782.738281
BTC,2021-05-21,37304.691406
BTC,2021-05-22,37536.632813
BTC,2021-05-23,34770.582031
BTC,2021-05-24,38705.980469
BTC,2021-05-25,38402.222656
BTC,2021-05-26,39294.199219
BTC,2021-05-27,38436.96875
BTC,2021-05-28,35697.605469
BTC,2021-05-29,34616.066406
BTC,2021-05-30,35678.128906
BTC,2021-05-31,37332.855469
BTC,2021-06-01,36684.925781
BTC,2021-06-02,37575.179688
BTC,2021-06-03,39208.765625
BTC,2021-06-04,36894.40625
BTC,2021-06-05,35551.957031
BTC,2021-06-06,35862.378906
BTC,2021-06-07,33560.707031
BTC,2021-06-08,33472.632813
BTC,2021-06-09,37345.121094
BTC,2021-06-10,36702.597656
BTC,2021-06-11,37334.398438
BTC,2021-06-12,35552.515625
BTC,2021-06-13,39097.859375
BTC,2021-06-14,40218.476563
BTC,2021-06-15,40406.269531
BTC,2021-06-16,38347.0625
BTC,2021-06-17,38053.503906
BTC,2021-06-18,35787.246094
BTC,2021-06-19,35615.871094
BTC,2021-06-20,35698.296875
BTC,2021-06-21,31676.693359
BTC,2021-06-22,32505.660156
BTC,2021-06-23,33723.027344
BTC,2021-06-24,34662.4375
BTC,2021-06-25,31637.779297
BTC,2021-06-26,32186.277344
BTC,2021-06-27,34649.644531
BTC,2021-06-28,34434.335938
BTC,2021-06-29,35867.777344
BTC,2021-06-30,35040.835938
BTC,2021-07-01,33572.117188
BTC,2021-07-02,33897.046875
BTC,2021-07-03,34668.546875
BTC,2021-07-04,35287.78125
BTC,2021-07-05,33746.003906
BTC,2021-07-06,34235.195313
BTC,2021-07-07,33855.328125
BTC,2021-07-08,32877.371094
BTC,2021-07-09,33798.011719
BTC,2021-07-10,33520.519531
BTC,2021-07-11,34240.1875
BTC,2021-07-12,33155.847656
BTC,2021-07-13,32702.025391
BTC,2021-07-14,32822.347656
BTC,2021-07-15,31780.730469
BTC,2021-07-16,31421.539063
BTC,2021-07-17,31533.068359
BTC,2021-07-18,31796.810547
BTC,2021-07-19,30817.832031
BTC,2021-07-20,29807.347656
BTC,2021-07-21,32110.693359
BTC,2021-07-22,32313.105469
BTC,2021-07-23,33581.550781
BTC,2021-07-24,34292.445313
BTC,2021-07-25,35350.1875
BTC,2021-07-26,37337.535156
BTC,2021-07-27,39406.941406
BTC,2021-07-28,39995.90625
BTC,2021-07-29,40008.421875
BTC,2021-07-30,42235.546875
BTC,2021-07-31,41626.195313
BTC,2021-08-01,39974.894531
BTC,2021-08-02,39201.945313
BTC,2021-08-03,38152.980469
BTC,2021-08-04,39747.503906
BTC,2021-08-05,40869.554688
BTC,2021-08-06,42816.5
BTC,2021-08-07,44555.800781
BTC,2021-08-08,43798.117188
BTC,2021-08-09,46365.402344
BTC,2021-08-10,45585.03125
BTC,2021-08-11,45593.636719
BTC,2021-08-12,44428.289063
BTC,2021-08-13,47793.320313
BTC,2021-08-14,47096.945313
BTC,2021-08-15,47047.003906
BTC,2021-08-16,46004.484375
BTC,2021-08-17,44695.359375
BTC,2021-08-18,44801.1875
BTC,2021-08-19,46717.578125
BTC,2021-08-20,49339.175781
BTC,2021-08-21,48905.492188
BTC,2021-08-22,49321.652344
BTC,2021-08-23,49546.148438
BTC,2021-08-24,47706.117188
BTC,2021-08-25,48960.789063
BTC,2021-08-26,46942.21875
BTC,2021-08-27,49058.667969
BTC,2021-08-28,48902.402344
BTC,2021-08-29,48829.832031
BTC,2021-08-30,47054.984375
BTC,2021-08-31,47166.6875
BTC,2021-09-01,48847.027344
BTC,2021-09-02,49327.722656
BTC,2021-09-03,50025.37
BTC,2021-09-04,49944.62
BTC,2021-09-05,51753.410156
BTC,2021-09-06,52633.535156
BTC,2021-09-07,46811.128906
BTC,2021-09-08,46091.390625
BTC,2021-09-09,46391.421875
BTC,2021-09-10,44883.910156
BTC,2021-09-11,45201.457031
BTC,2021-09-12,46063.269531
BTC,2021-09-13,44963.074219
BTC,2021-09-14,47092.492188
BTC,2021-09-15,48176.347656
BTC,2021-09-16,47783.359375
BTC,2021-09-17,47267.519531
BTC,2021-09-18,48278.363281
BTC,2021-09-19,47260.21875
BTC,2021-09-20,42843.800781
BTC,2021-09-21,40693.675781
BTC,2021-09-22,43574.507813
BTC,2021-09-23,44895.097656
BTC,2021-09-24,42839.75
BTC,2021-09-25,42716.59375
BTC,2021-09-26,43208.539063
BTC,2021-09-27,42235.730469
BTC,2021-09-28,41034.542969
BTC,2021-09-29,41564.363281
BTC,2021-09-30,43790.894531
BTC,2021-10-01,48116.941406
BTC,2021-10-02,47711.488281
BTC,2021-10-03,48199.953125
BTC,2021-10-04,49112.902344
BTC,2021-10-05,51514.8125
BTC,2021-10-06,55361.449219
BTC,2021-10-07,53805.984375
BTC,2021-10-08,53967.847656
BTC,2021-10-09,54968.222656
BTC,2021-10-10,54771.578125
BTC,2021-10-11,57484.789063
BTC,2021-10-12,56041.058594
BTC,2021-10-13,57401.097656
BTC,2021-10-14,57321.523438
BTC,2021-10-15,61593.949219
BTC,2021-10-16,60892.179688
BTC,2021-10-17,61553.617188
BTC,2021-10-18,62026.078125
BTC,2021-10-19,64261.992188
BTC,2021-10-20,65992.835938
BTC,2021-10-21,62210.171875
BTC,2021-10-22,60692.265625
BTC,2021-10-23,61393.617188
BTC,2021-10-24,60930.835938
BTC,2021-10-25,63039.824219
BTC,2021-10-26,60363.792969
BTC,2021-10-27,58482.386719
BTC,2021-10-28,60622.136719
BTC,2021-10-29,62227.964844
BTC,2021-10-30,61888.832031
BTC,2021-10-31,61318.957031
BTC,2021-11-01,61004.40625
BTC,2021-11-02,63226.402344
BTC,2021-11-03,62970.046875
BTC,2021-11-04,61452.230469
BTC,2021-11-05,61125.675781
BTC,2021-11-06,61527.480469
BTC,2021-11-07,63326.988281
BTC,2021-11-08,67566.828125
BTC,2021-11-09,66971.828125
BTC,2021-11-10,64995.230469
BTC,2021-11-11,64949.960938
BTC,2021-11-12,64155.941406
BTC,2021-11-13,64469.527344
BTC,2021-11-14,65466.839844
BTC,2021-11-15,63557.871094
BTC,2021-11-16,60161.246094
BTC,2021-11-17,60368.011719
BTC,2021-11-18,56942.136719
BTC,2021-11-19,58119.578125
BTC,2021-11-20,59697.195313
BTC,2021-11-21,58730.476563
BTC,2021-11-22,56289.289063
BTC,2021-11-23,57569.074219
BTC,2021-11-24,56280.425781
BTC,2021-11-25,57274.679688
BTC,2021-11-26,53569.765625
BTC,2021-11-27,54815.078125
BTC,2021-11-28,57248.457031
BTC,2021-11-29,57806.566406
BTC,2021-11-30,57005.425781
BTC,2021-12-01,57229.828125
BTC,2021-12-02,56477.816406
BTC,2021-12-03,53598.246094
BTC,2021-12-04,49200.703125
BTC,2021-12-05,49368.847656
BTC,2021-12-06,50582.62
BTC,2021-12-07,50700.085938
BTC,2021-12-08,50504.796875
BTC,2021-12-09,47672.121094
BTC,2021-12-10,47243.304688
BTC,2021-12-11,49362.507813
BTC,2021-12-12,50098.335938
BTC,2021-12-13,46737.480469
BTC,2021-12-14,46612.632813
BTC,2021-12-15,48896.722656
BTC,2021-12-16,47665.425781
BTC,2021-12-17,46202.144531
BTC,2021-12-18,46848.777344
BTC,2021-12-19,46707.015625
BTC,2021-12-20,46880.277344
BTC,2021-12-21,48936.613281
BTC,2021-12-22,48628.511719
BTC,2021-12-23,50784.539063
BTC,2021-12-24,50822.195313
BTC,2021-12-25,50429.859375
BTC,2021-12-26,50809.515625
BTC,2021-12-27,50640.417969
BTC,2021-12-28,47588.855469
BTC,2021-12-29,46444.710938
BTC,2021-12-30,47178.12
BTC,2021-12-31,46306.445313
BTC,2022-01-01,47686.8125
BTC,2022-01-02,47345.21875
BTC,2022-01-03,46458.117188
BTC,2022-01-04,45897.574219
BTC,2022-01-05,43569.003906
BTC,2022-01-06,43160.929688
BTC,2022-01-07,41557.902344
BTC,2022-01-08,41733.941406
BTC,2022-01-09,41911.601563
BTC,2022-01-10,41821.261719
BTC,2022-01-11,42735.855469
BTC,2022-01-12,43949.101563
BTC,2022-01-13,42591.570313
BTC,2022-01-14,43099.699219
BTC,2022-01-15,43177.398438
BTC,2022-01-16,43113.878906
BTC,2022-01-17,42250.550781
BTC,2022-01-18,42375.632813
BTC,2022-01-19,41744.328125
BTC,2022-01-20,40680.417969
BTC,2022-01-21,36457.316406
BTC,2022-01-22,35030.25
BTC,2022-01-23,36276.804688
BTC,2022-01-24,36654.328125
BTC,2022-01-25,36954.003906
BTC,2022-01-26,36852.121094
BTC,2022-01-27,37138.234375
BTC,2022-01-28,37784.332031
BTC,2022-01-29,38138.179688
BTC,2022-01-30,37917.601563
BTC,2022-01-31,38483.12
BTC,2022-02-01,38743.273438
BTC,2022-02-02,36952.984375
BTC,2022-02-03,37154.601563
BTC,2022-02-04,41500.87
BTC,2022-02-05,41441.164063
BTC,2022-02-06,42412.433594
BTC,2022-02-07,43840.285156
BTC,2022-02-08,44118.445313
BTC,2022-02-09,44338.796875
BTC,2022-02-10,43565.113281
BTC,2022-02-11,42407.9375
BTC,2022-02-12,42244.46875
BTC,2022-02-13,42197.515625
BTC,2022-02-14,42586.917969
BTC,2022-02-15,44575.203125
BTC,2022-02-16,43961.859375
BTC,2022-02-17,40538.011719
BTC,2022-02-18,40030.976563
BTC,2022-02-19,40122.15625
BTC,2022-02-20,38431.378906
BTC,2022-02-21,37075.28125
BTC,2022-02-22,38286.027344
BTC,2022-02-23,37296.570313
BTC,2022-02-24,38332.609375
BTC,2022-02-25,39214.21875
BTC,2022-02-26,39105.148438
BTC,2022-02-27,37709.785156
BTC,2022-02-28,43193.234375
BTC,2022-03-01,44354.636719
BTC,2022-03-02,43924.117188
BTC,2022-03-03,42451.789063
BTC,2022-03-04,39137.605469
BTC,2022-03-05,39400.585938
BTC,2022-03-06,38419.984375
BTC,2022-03-07,38062.039063
BTC,2022-03-08,38737.269531
BTC,2022-03-09,41982.925781
BTC,2022-03-10,39437.460938
BTC,2022-03-11,38794.972656
BTC,2022-03-12,38904.011719
BTC,2022-03-13,37849.664063
BTC,2022-03-14,39666.753906
BTC,2022-03-15,39338.785156
BTC,2022-03-16,41143.929688
BTC,2022-03-17,40951.378906
BTC,2022-03-18,41801.15625
BTC,2022-03-19,42190.652344
BTC,2022-03-20,41247.824219
BTC,2022-03-21,41077.996094
BTC,2022-03-22,42358.808594
BTC,2022-03-23,42892.957031
BTC,2022-03-24,43960.933594
BTC,2022-03-25,44348.730469
BTC,2022-03-26,44500.828125
BTC,2022-03-27,46820.492188
BTC,2022-03-28,47128.003906
BTC,2022-03-29,47465.730469
BTC,2022-03-30,47062.664063
BTC,2022-03-31,45538.675781
BTC,2022-04-01,46281.644531
BTC,2022-04-02,45868.949219
BTC,2022-04-03,46453.566406
BTC,2022-04-04,46622.675781
BTC,2022-04-05,45555.992188
BTC,2022-04-06,43206.738281
BTC,2022-04-07,43503.847656
BTC,2022-04-08,42287.664063
BTC,2022-04-09,42782.136719
BTC,2022-04-10,42207.671875
BTC,2022-04-11,39521.902344
BTC,2022-04-12,40127.183594
BTC,2022-04-13,41166.730469
BTC,2022-04-14,39935.515625
BTC,2022-04-15,40553.464844
BTC,2022-04-16,40424.484375
BTC,2022-04-17,39716.953125
BTC,2022-04-18,40826.214844
BTC,2022-04-19,41502.75
BTC,2022-04-20,41374.378906
BTC,2022-04-21,40527.363281
BTC,2022-04-22,39740.320313
BTC,2022-04-23,39486.730469
BTC,2022-04-24,39469.292969
BTC,2022-04-25,40458.308594
BTC,2022-04-26,38117.460938
BTC,2022-04-27,39241.121094
BTC,2022-04-28,39773.828125
BTC,2022-04-29,38609.824219
BTC,2022-04-30,37714.87
BTC,2022-05-01,38469.09375
BTC,2022-05-02,38529.328125
BTC,2022-05-03,37750.453125
BTC,2022-05-04,39698.371094
BTC,2022-05-05,36575.140625
BTC,2022-05-06,36040.921875
BTC,2022-05-07,35501.953125
BTC,2022-05-08,34059.265625
BTC,2022-05-09,30296.953125
BTC,2022-05-10,31022.90625
BTC,2022-05-11,28936.355469
BTC,2022-05-12,29047.751953
BTC,2022-05-13,29283.103516
BTC,2022-05-14,30101.265625
BTC,2022-05-15,31305.113281
BTC,2022-05-16,29862.917969
BTC,2022-05-17,30425.857422
BTC,2022-05-18,28720.271484
BTC,2022-05-19,30314.333984
BTC,2022-05-20,29200.740234
BTC,2022-05-21,29432.226563
BTC,2022-05-22,30323.722656
BTC,2022-05-23,29098.910156
BTC,2022-05-24,29655.585938
BTC,2022-05-25,29562.361328
BTC,2022-05-26,29267.224609
BTC,2022-05-27,28627.574219
BTC,2022-05-28,28814.900391
BTC,2022-05-29,29445.957031
BTC,2022-05-30,31726.390625
BTC,2022-05-31,31792.310547
BTC,2022-06-01,29799.080078
BTC,2022-06-02,30467.488281
BTC,2022-06-03,29704.390625
BTC,2022-06-04,29832.914063
BTC,2022-06-05,29906.662109
BTC,2022-06-06,31370.671875
BTC,2022-06-07,31155.478516
BTC,2022-06-08,30214.355469
BTC,2022-06-09,30111.998047
BTC,2022-06-10,29083.804688
BTC,2022-06-11,28360.810547
BTC,2022-06-12,26762.648438
BTC,2022-06-13,22487.388672
BTC,2022-06-14,22206.792969
BTC,2022-06-15,22572.839844
BTC,2022-06-16,20381.650391
BTC,2022-06-17,20471.482422
BTC,2022-06-18,19017.642578
BTC,2022-06-19,20553.271484
BTC,2022-06-20,20599.537109
BTC,2022-06-21,20710.597656
BTC,2022-06-22,19987.029297
BTC,2022-06-23,21085.876953
BTC,2022-06-24,21231.65625
BTC,2022-06-25,21502.337891
BTC,2022-06-26,21027.294922
BTC,2022-06-27,20735.478516
BTC,2022-06-28,20280.634766
BTC,2022-06-29,20104.023438
BTC,2022-06-30,19784.726563
BTC,2022-07-01,19269.367188
BTC,2022-07-02,19242.255859
BTC,2022-07-03,19297.076172
BTC,2022-07-04,20231.261719
BTC,2022-07-05,20190.115234
BTC,2022-07-06,20548.246094
BTC,2022-07-07,21637.587891
BTC,2022-07-08,21731.117188
BTC,2022-07-09,21592.207031
BTC,2022-07-10,20860.449219
BTC,2022-07-11,19970.556641
BTC,2022-07-12,19323.914063
BTC,2022-07-13,20212.074219
BTC,2022-07-14,20569.919922
BTC,2022-07-15,20836.328125
BTC,2022-07-16,21190.316406
BTC,2022-07-17,20779.34375
BTC,2022-07-18,22485.689453
BTC,2022-07-19,23389.433594
BTC,2022-07-20,23231.732422
BTC,2022-07-21,23164.628906
BTC,2022-07-22,22714.978516
BTC,2022-07-23,22465.478516
BTC,2022-07-24,22609.164063
BTC,2022-07-25,21361.701172
BTC,2022-07-26,21239.753906
BTC,2022-07-27,22930.548828
BTC,2022-07-28,23843.886719
BTC,2022-07-29,23804.632813
BTC,2022-07-30,23656.207031
BTC,2022-07-31,23336.896484
BTC,2022-08-01,23314.199219
BTC,2022-08-02,22978.117188
BTC,2022-08-03,22846.507813
BTC,2022-08-04,22630.957031
BTC,2022-08-05,23289.314453
BTC,2022-08-06,22961.279297
BTC,2022-08-07,23175.890625
BTC,2022-08-08,23809.486328
BTC,2022-08-09,23164.318359
BTC,2022-08-10,23947.642578
BTC,2022-08-11,23957.529297
BTC,2022-08-12,24402.818359
BTC,2022-08-13,24424.068359
BTC,2022-08-14,24319.333984
BTC,2022-08-15,24136.972656
BTC,2022-08-16,23883.291016
BTC,2022-08-17,23335.998047
BTC,2022-08-18,23212.738281
BTC,2022-08-19,20877.552734
BTC,2022-08-20,21166.060547
BTC,2022-08-21,21534.121094
BTC,2022-08-22,21398.908203
BTC,2022-08-23,21528.087891
BTC,2022-08-24,21395.019531
BTC,2022-08-25,21600.904297
BTC,2022-08-26,20260.019531
BTC,2022-08-27,20041.738281
BTC,2022-08-28,19616.814453
BTC,2022-08-29,20297.994141
BTC,2022-08-30,19796.808594
BTC,2022-08-31,20049.763672
BTC,2022-09-01,20127.140625
BTC,2022-09-02,19969.771484
BTC,2022-09-03,19832.087891
BTC,2022-09-04,19986.712891
BTC,2022-09-05,19812.371094
BTC,2022-09-06,18837.667969
BTC,2022-09-07,19290.324219
BTC,2022-09-08,19329.833984
BTC,2022-09-09,21381.152344
BTC,2022-09-10,21680.539063
BTC,2022-09-11,21769.255859
BTC,2022-09-12,22370.449219
BTC,2022-09-13,20296.707031
BTC,2022-09-14,20241.089844
BTC,2022-09-15,19701.210938
BTC,2022-09-16,19772.583984
BTC,2022-09-17,20127.576172
BTC,2022-09-18,19419.505859
BTC,2022-09-19,19544.128906
BTC,2022-09-20,18890.789063
BTC,2022-09-21,18547.400391
BTC,2022-09-22,19413.550781
BTC,2022-09-23,19297.638672
BTC,2022-09-24,18937.011719
BTC,2022-09-25,18802.097656
BTC,2022-09-26,19222.671875
BTC,2022-09-27,19110.546875
BTC,2022-09-28,19426.720703
BTC,2022-09-29,19573.050781
BTC,2022-09-30,19431.789063
BTC,2022-10-01,19312.095703
BTC,2022-10-02,19044.107422
BTC,2022-10-03,19623.580078
BTC,2022-10-04,20336.84375
BTC,2022-10-05,20160.716797
BTC,2022-10-06,19955.443359
BTC,2022-10-07,19546.849609
BTC,2022-10-08,19416.568359
BTC,2022-10-09,19446.425781
BTC,2022-10-10,19141.484375
BTC,2022-10-11,19051.417969
BTC,2022-10-12,19157.445313
BTC,2022-10-13,19382.904297
BTC,2022-10-14,19185.65625
BTC,2022-10-15,19067.634766
BTC,2022-10-16,19268.09375
BTC,2022-10-17,19550.757813
BTC,2022-10-18,19334.416016
BTC,2022-10-19,19139.535156
BTC,2022-10-20,19053.740234
BTC,2022-10-21,19172.46875
BTC,2022-10-22,19208.189453
BTC,2022-10-23,19567.007813
BTC,2022-10-24,19345.572266
BTC,2022-10-25,20095.857422
BTC,2022-10-26,20770.441406
BTC,2022-10-27,20285.835938
BTC,2022-10-28,20595.351563
BTC,2022-10-29,20818.476563
BTC,2022-10-30,20635.603516
BTC,2022-10-31,20495.773438
